id_poi;poi;ville;categorie;found;source;description
8;Silleron et Iclon à VTT;Angiens;activity;True;DuckDuckGo;à ANGIENS. Silleron et Iclon à VTT. Distance11,0 km. À télécharger.
119;Gare de Longroy-Gamaches;Longroy;activity;False;;
135;Le Fournil du Lin;Doudeville;shop;True;DuckDuckGo;Accueil Manger Commerces Boulangerie le Fournil du Lin.2 place du Général de Gaulle BP35 - 76560 Doudeville.
142;Circuit du Tournant;Petit-Caux;activity;False;;
180;Le Bois de la Brétèque;Écalles-Alix;activity;True;DuckDuckGo;Le Bois de la Brétèque à VTT - à Écalles-Alix, Seine-Maritime - Toutes les infos sur l’évènement sont sur Lokaly.
213;Bodega Le Havre;Le Havre;food;True;DuckDuckGo;Bodega, Le Havre : consultez avis authentiques sur Bodega sur Tripadvisor.22 Rue Bernardin De Saint-pierre, 76600, Le Havre France. Site WebAméliorer cette page établissement. À propos.
217;La Chevrette;Forges-les-Eaux;activity;True;DuckDuckGo;Du fer à l'eau, Forges-les-Eaux s'est de tout temps frotté aux éléments. Ce circuit de la Chevrette marche sur les chemins de cette histoire.
222;Gare de Bolbec;Bolbec;activity;True;DuckDuckGo;La gare de Bolbec - Nointot est une gare ferroviaire française de la ligne de Paris-Saint-Lazare au Havre, située au lieu-dit Hameau de la Station sur le territoire de la commune de Bolbec, à proximité de Nointot, dans le département de la Seine-Maritime en région Normandie.
226;Les clos masures;Lillebonne;activity;True;DuckDuckGo;My Tourisme Circuits Les clos masures – Lillebonne.Circuit, Circuit pédestre, Lillebonne. Type: En boucle. Distance: 9200.0. Durée: 180mn. Allée du Catillon, 76170 Lillebonne.
252;Jardin des Fontaines;Eu;nature;False;;
259;Grumesnil;Grumesnil;activity;True;DuckDuckGo;Château de Grumesnil, des XVII e et XIXe siècles et sa grange du XVe siècle[1]. Un circuit de randonnée permet de les découvrir[1]. Ferme d'archéologie expérimentale Gröning, consacfrée aux Vikings[38].
260;Circuit du manoir au Val;Freulleville;activity;True;DuckDuckGo;seine-maritime : tous les circuits de randonnée du département. Trouver un hébergement pour randonneur dans le 76.Carte topographique de cette randonnée. FREULLEVILLE - CIRCUIT DU MANOIR DU VAL-seine-maritime. Circuit gps de marche publié le : 11-04-2024.
324;NAMONT Béatrice;Le Tréport;accommodation;True;DuckDuckGo;Hébergements locatifs. à LE TREPORT. NAMONT Béatrice. À propos. Capacité.
329;La Plaine du Moulin;Le Mesnil-Durdent;activity;True;DuckDuckGo;La Plaine du Moulin à VTT au Mesnil-Durdent Vtt et Vélo Circuits et balades avec l'itinéraire, la carte et la localisation de la promenade
333;Gare de Le Houlme;Le Houlme;activity;False;;
343;Gare de Motteville;Motteville;activity;True;DuckDuckGo;La gare de Motteville est une gare ferroviaire française de la ligne de Paris-Saint-Lazare au Havre, située sur le territoire de la commune de Motteville, dans le département de la Seine-Maritime en région Normandie.
349;Le Vallon;Montérolier;activity;True;DuckDuckGo;3 circuits de randonnée à vélo. D22 D915. 7 Le Vallon. Départ Montérolier - Parking du terrain de tennis. 28 Km - 2h20 - Difficulté.
362;Gare d'Yvetot;Yvetot;activity;True;DuckDuckGo;La gare d'Yvetot est une gare ferroviaire française de la ligne de Paris-Saint-Lazare au Havre, située sur le territoire de la commune d'Yvetot, dans le département de la Seine-Maritime, en région Normandie.
368;Gare de Montville;Montville;activity;True;DuckDuckGo;La gare de Montville est une gare ferroviaire française de la ligne de Malaunay - Le Houlme à Dieppe, située sur le territoire des communes d'Eslettes et de Montville, dans le département de la Seine-Maritime, en région Normandie.
397;"Gîte ""le Bâtiment""";Héricourt-en-Caux;accommodation;False;;
407;Centre de santé de Fontaine le Dun;Fontaine-le-Dun;shop;True;DuckDuckGo;Fontaine-le-Dun est un petit village du département de la Seine-Maritime dans la région de Normandie comptant 899 habitants appelés les fontainais.Centre commercial. Besoin de faire des courses, voici les centres commerciaux les plus proche de Fontaine-le-Dun.
424;Mme ROSSIGNOL Geneviève;Le Tréport;accommodation;False;;
462;Le Caillebourg 1;Saint-Martin-aux-Arbres;accommodation;True;DuckDuckGo;à SAINT-MARTIN-AUX-ARBRES. Le Caillebourg 1. À propos. Capacité.
466;Gîte de la Vallée;Hugleville-en-Caux;accommodation;False;;
485;Au pied des vagues;Le Tréport;accommodation;True;DuckDuckGo;Au pied des vagues is set in Le Tréport and offers free bikes and a casino. The accommodation is 40 km from Le Crotoy, and guests benefit from complimentary WiFi and private parking available on site. A children's playground is also available for guests at the apartment.
522;Maison de Santé pluridisciplinaire Les Carmes;Rouen;shop;False;;
565;Balade commentée de Serqueux;Serqueux;event;True;DuckDuckGo;Balade commentée de Serqueux Balade.Départ de la mairie de Serqueux à 14h. 5km - Equipement indispensable Randonnées proposées par l’ Office de tourisme 3€/personne, sur inscription Réservation au 02 35 90 52 10. Visite, balade.
602;Gite à la ferme;La Ferté-Saint-Samson;accommodation;True;DuckDuckGo;Offrant une vue sur le jardin, l'hébergement Gite à la ferme se situe à La Ferté-Saint-Samson, à respectivement 44 km et 44 km de ces lieux d'intérêt : Gare de Rouen-Rive-Droite et Cathédrale Notre-Dame de Rouen. Cette maison de vacances comprend un jardin, un barbecue, une connexion Wi-Fi gratuite et un parking privé gratuit.
613;Fête Patronale de Serqueux;Serqueux;event;True;DuckDuckGo;La fête patronale de Serqueux a lieu un week-end de la mi-août[46].↑ Archives départementales de Seine-Maritime : État civil de Serqueux de 1793 à 1915, et sur le site de la mairie de Serqueux pour les années suivantes.
643;Maison des Dalles;Sassetot-le-Mauconduit;accommodation;False;;
666;Les Clos Masures à VTT;Hattenville;activity;True;DuckDuckGo;à HATTENVILLE. Les Clos Masures à VTT. Distance9,2 km. À télécharger.
708;Les clos masures;Lillebonne;activity;True;DuckDuckGo;Les clos masures. Boucle de randonnée pédestre sur la commune de Lillebonne dans le département de la Seine Maritime.
713;Vide grenier;Gournay-en-Bray;event;False;;
720;Normand' Street Festival;Gournay-en-Bray;event;False;;
868;La Vallée de la Ganzeville;Ganzeville;activity;True;DuckDuckGo;Découvrez le patrimoine à proximité du sentier de randonnée La vallée de la Ganzeville à Bec-de-Mortagne (76).Elle correspond au littoral du Pays de Caux et constitue la quasi-totalité du littoral de la Seine-Maritime.
884;Fête Communale;Haussez;event;True;DuckDuckGo;Manifestation , Brocante, Fête communale , patronale, Marché, Vide greniers Braderie, Artisanat, Autre, Nocturne, Terroir - Venez profiter de la fête du village avec une fête foraine tout le week-end, samedi : Triathlon, marché semi-nocturne
890;La Route de Pompon;Cuy-Saint-Fiacre;activity;True;DuckDuckGo;La Route de Pompon. Randonnée à Cuy-Saint-Fiacre. Télécharger.
929;Le Grand Eawy;Saint-Saëns;activity;False;;
947;Le Rougemont à VTT;Beuzeville-la-Guérard;activity;True;DuckDuckGo;Randonnée Caux Vallée de Seine Caudebec-en-Caux VTT (10). Le Rougemont à VTT.VTT. Moyen. DépartBeuzeville-la-Guérard. Profil de l'itinéraireBoucle. Distance13.8 km.
979;Maison de Santé pluridisciplinaire Les Jardins Le Havre Bléville;Le Havre;shop;True;DuckDuckGo;Bienvenue sur le site officiel de la MSP Les Jardins, située : 2 rue Théophile Gautier, 76620 LE HAVRE.
1002;Concert : Maddy Blues;Eu;event;False;;
1037;Valentine Léger · Guide conférencière;Dieppe;culture;False;;
1132;Parcours du Saint-Mellon;Héricourt-en-Caux;activity;True;DuckDuckGo;Parcours Saint -Mellon ©Delvalle_C. Un parcours pédagogique pour bien comprendre l’importance des zones humides et le rôle élémentaire de la Durdent !Difficulté : Très facile Distance : 0,3 km Départ : HERICOURT-EN-CAUX, Rue Saint-Mellon Arrivée : HERICOURT-EN-CAUX.
1179;La Route de Lyons;Neuf-Marché;activity;False;;
1212;Gare d'Aumale;Aumale;activity;False;;
1281;Parcs et jardins du Havre;Le Havre;nature;True;DuckDuckGo;... Le Havre est l'axe de transport majeur du département, construit autour de la Seine navigable et parcouru par les autoroutes A13 et A131 et par la ...
1314;Gare de Etainhus;Étainhus;activity;False;;
1335;Loto;Serqueux;event;False;;
1344;Maison au Calme;Longueil;accommodation;True;DuckDuckGo;Comme présenté sur. Maison au Calme, location de vacances à Longueil.Gite le cottage martin église renovated house in normandy setting, location de vacances à Longueil.
1375;Le Bois de la Brétèque à VTT;Écalles-Alix;activity;False;;
1406;Chèvrerie de la forêt d'Eu;Monchy-sur-Eu;activity;True;DuckDuckGo;Annuaire des partenaires. La chèvrerie de la forêt d'EU.Elevage de chèvres alpines situé à Monchy sur Eu (76260), en Normandie, à proximité du Tréport. Nous fabriquons de façon artisanale fromage de chèvre au lait cru, yaourts mais encore faisselles.
1409;Gare de Saint-Etienne-du-Rouvray;Saint-Étienne-du-Rouvray;activity;False;;
1561;Concert Ensemble Vivaldi;Gournay-en-Bray;event;True;DuckDuckGo;Concert Ensemble Vivaldi.Concerts et festivals à proximité de Gournay-en-Bray. Festival de musique baroque des Andelys.
1562;Fête de la Saint-Clair;Gournay-en-Bray;event;False;;
1585;Eglise Saint-Sauveur de Sahurs;Sahurs;culture;True;DuckDuckGo;Église Saint-Sauveur (Sahurs), sur Wikimedia Commons.Église dédiée au saint Sauveur. Église monument historique dans la Seine-Maritime.
1588;Gare de Montérolier-Buchy;Montérolier;activity;True;DuckDuckGo;La gare de Montérolier - Buchy, sur le site officiel de SNCF Gares & Connexions.La station de Montérolier - Buchy est mise en service le 18 avril 1867 par la Compagnie des chemins de fer du Nord, lors de l'ouverture de l'exploitation voyageurs de la ligne d'Amiens à Rouen.
1600;MEUBLE HARFLEUR;Harfleur;accommodation;True;DuckDuckGo;Harfleur : Découvrez les meilleurs établissements. Harfleur : Une sélection des meilleurs hôtels et hébergements. Carte. Équipements populaires.
1609;Loto;Serqueux;event;False;;
1627;Chevauchée en Pays d'Auge;Vatteville-la-Rue;activity;False;;
1650;Randonnée à Serqueux;Serqueux;event;True;DuckDuckGo;La Gare de Serqueux est un nœud ferroviaire à l'intersection des lignes Amiens—Rouen et Paris-Saint-Lazare—Dieppe. À la suite de la fermeture en 1988 de la ligne ferroviaire Serqueux-Dieppe, le parcours est emprunté par l'avenue verte, itinéraire cyclable qui relie Paris à Londres.
1696;La Plaine du Moulin à VTT;Le Mesnil-Durdent;activity;False;;
1721;Sur la Rive du Dun;Le Bourg-Dun;activity;False;;
1743;Gare de Dieppe;Dieppe;activity;True;DuckDuckGo;La gare de Dieppe est une gare ferroviaire française terminus de la ligne de Malaunay - Le Houlme à Dieppe, située sur le territoire de la commune de Dieppe, dans le département de la Seine-Maritime en région Normandie.
1771;La Clairière;Saint-Léonard;accommodation;False;;
1774;Maison de Santé pluridisciplinaire du Bois au Coq;Le Havre;shop;False;;
1776;Beauville La Cité;Crasville-la-Rocquefort;activity;True;DuckDuckGo;My Tourisme Circuits Beauville La Cité – Crasville-la-Rocquefort.Circuit, Circuit pédestre, Crasville-la-Rocquefort. Type: En boucle. Distance: 12300.0. Durée: 180mn.
1807;Circuit des Huchiers;Argueil;activity;True;DuckDuckGo;Circuit des Huchiers + de photos. ©sma – V.debels 2023.
1816;Maison de Santé pluridisciplinaire Graville Soquence;Le Havre;shop;True;DuckDuckGo;Le quartier de Graville ou Graville-Sainte-Honorine se trouve à l'est de la ville du Havre en Seine-Maritime.Graville-Soquence. icône décorative Portail de l’architecture et de l’urbanisme.
1863;Maison de Santé pluridisciplinaire Seine et Soins;Rouen;shop;True;DuckDuckGo;En effet, pour créer une maison de santé pluridisciplinaire, l’ARS pourra vous accorder une aide au démarrage et une aide à la rédaction du projet de santé. Bon à savoir : il est possible de bénéficier d’aides juridiques locales.
1977;Mme BOISSY Audrey;Le Tréport;accommodation;False;;
1988;La Route de la Pomme;Elbeuf-en-Bray;activity;True;DuckDuckGo;Randonnée en Seine-Maritime. La Route de la Pomme.DépartElbeuf-en-Bray. Profil de l’itinéraireBoucle. Distance30.0 km.
2021;Valleuse de Bénouville;Bénouville;nature;True;DuckDuckGo;Bénouville (Seine-Maritime) Les falaises autour de la valleuse du Curé.La valleuse du Curé comportait un escalier de 283 marches conduisant à la plage, creusé dans la falaise.
2048;Le Marquet;Saint-Martin-au-Bosc;activity;True;DuckDuckGo;SAINT-MARTIN-AU-BOSC - LE MARQUET Mémoriser ce circuit. Départ randonnée : Salle des fêtes Evelyne Couet. Le circuit passe par la source « Le Marquet » au point le plus bas du circuit. Circuit proposé par l’OT d’Aumale et Blangy-sur-Bresle.
2050;Gare de Saint-Laurent-de-Brèvedent;Saint-Laurent-de-Brèvedent;activity;True;DuckDuckGo;Idées de circuits de randonnée Saint-Laurent-de-Brèvedent gratuites avec carte IGN au 1:25000, descriptif précis et photos.
2103;Concert Les Andrews;Saint-Saire;event;False;;
2111;MEUBLE BRINDEAU;Le Havre;accommodation;False;;
2142;Marché de Quincampoix;Quincampoix;event;True;DuckDuckGo;Marché de Quincampoix Marché artisanal. 2 Jui. 4 Nov.L’Association Voir Autrement, avec le concours de la Mairie de Quincampoix, organise l’exposition photos en extérieur, 'Fenêtre sur…'. Celle-ci prend place dans les jardins de la Mairie et sera visible tout au long de l’été.
2175;Cabaret La Sirène à Barbe;Dieppe;food;True;DuckDuckGo;Cabaret La Sirène à Barbe. Seine Maritime Attractivité. * Vous pourrez à tout moment vous désinscrire de nos listes de diffusion.Cabaret La Sirène à Barbe. Esplanade Rosa Leroy, 76200 Dieppe.
2187;Maison de Santé pluridisciplinaire Résidence de France;Le Havre;shop;False;;
2203;Gare de Epouville;Épouville;activity;False;;
2243;Loto;Serqueux;event;False;;
2272;M. LEONNE Robenson;Le Tréport;accommodation;False;;
2281;Bassins portuaires;Le Havre;nature;False;;
2319;Le Bois des Puits;Criquiers;activity;True;DuckDuckGo;CRIQUIERS - LE BOIS DES PUITS (VERSION COURTE)-seine-maritime. Départ randonnée : Place Pierre Boulet, rue principale, devant l'école. Le Circuit vous conduit au hameau de « Le Bois des Puits » sur des chemins et routes de campagne.
2321;Foire à tout;Compainville;event;True;DuckDuckGo;Découvrez les foires à tout en Seine Maritime (76) : Le calendrier des dates, lieux et bons plans pour chiner en 2026.
2367;Gare de Pavilly;Pavilly;activity;True;DuckDuckGo;Route de Pavilly, Fresquiennes, Arrondissement de Rouen, Département Seine-Maritime, Normandie — get directions and search for organizations nearby.
2423;Concert Mr Teuf & marché nocturne;Saint-Saire;event;True;DuckDuckGo;Saint-Saire Spectacle. Concert Mr Teuf & marché nocturne. 04 juillet.Saint-Saire Concert. Apéro music : Jozef. 18 juillet.
2468;Dégustation vin et soirée Karaoké;Saint-Saire;event;True;DuckDuckGo;Dégustation vin et soirée Karaoké. 71 bis chemin de Prébende.Agenda à Saint-Saire. Concerts, spectacles, expositions, théâtre, brocantes, vide-greniers, visites, tourisme.
2474;Aya;Rouen;accommodation;True;DuckDuckGo;Gite Rouen Bouvreuil. Accueil. Nos gîtes sur Rouen.Gite Aya à Rouen dans le centre historique - 2 personnes. 1er étage sur rue peu passante – 20 m2 habitables Equipements : cuisine équipée, Wifi. A 3 minute de la gare et des musées et 5 minutes du centre-ville.
2494;Beauville La Cité à VTT;Crasville-la-Rocquefort;activity;True;DuckDuckGo;My Tourisme Circuits Beauville La Cité – Crasville-la-Rocquefort.Circuit, Circuit pédestre, Crasville-la-Rocquefort. Type: En boucle. Distance: 12300.0. Durée: 180mn.
2500;Randonnée à Serqueux;Serqueux;event;True;DuckDuckGo;La Gare de Serqueux est un nœud ferroviaire à l'intersection des lignes Amiens—Rouen et Paris-Saint-Lazare—Dieppe. À la suite de la fermeture en 1988 de la ligne ferroviaire Serqueux-Dieppe, le parcours est emprunté par l'avenue verte, itinéraire cyclable qui relie Paris à Londres.
2513;Les deux Vallées;Rouen;activity;False;;
2539;Gare de Ferrières-en-Bray;Ferrières-en-Bray;activity;False;;
2555;La Voile;Quiberville;accommodation;False;;
2565;Gare de Harfleur;Harfleur;activity;True;DuckDuckGo;Harfleur compte une gare desservie par le réseau TER Normandie : la gare d'Harfleur, située sur la ligne de Paris-Saint-Lazare au Havre et desservie par les trains assurant la liaison entre Le Havre et Rouen-Rive-Droite. Elle se situe au nord du centre-ville, en retrait de la rue Paul Doumer.
2584;M. DUARTE Jorge - SCI DUARTE;Longroy;accommodation;False;;
2585;Le Coupe Gorge à VTT;Ermenouville;activity;False;;
2624;Les Démagnes;Saint-Nicolas-d'Aliermont;activity;True;DuckDuckGo;Les Démagnes. Randonnée. 76510 Saint-Nicolas-d'Aliermont.DépartSaint-Nicolas-d'Aliermont. Profil de l’itinéraireBoucle. Distance8.3 km.
2634;Résidence du bord de mer N°11;Le Tréport;accommodation;False;;
2642;Randonnée;Serqueux;event;True;DuckDuckGo;Idées de circuits de randonnée Serqueux (Seine-Maritime) gratuites avec carte IGN au 1:25000, descriptif précis et photos.
2681;Rassemblement de camping-car;Saint-Saire;event;False;;
2728;Soirée Karaoké;Saint-Saire;event;False;;
2805;Ferme du Mont au Bec;Haussez;culture;False;;
2857;Gare de Rouen - Rive droite;Rouen;activity;False;;
2858;Caravane du Sport;Gournay-en-Bray;event;True;DuckDuckGo;Caravane du Sport Le mardi 25 août Avenue des Aulnaies 76220 GOURNAY-EN-BRAY Ajouter à mon Google Agenda
2887;Appartement Roméo;Le Tréport;accommodation;False;;
2906;Les Souterrains de l'Abbaye de Jumièges;Jumièges;nature;True;DuckDuckGo;L'abbaye de Jumièges redevient propriété de l'État en 1947, puis propriété du département de Seine-Maritime en 2007 dans le cadre de la loi de décentralisation du 13 août 2004, qui permet de transférer certains monuments historiques aux collectivités territoriales.
2952;Maison de Santé pluridisciplinaire Des Sources;Héricourt-en-Caux;shop;False;;
2971;Gare de Rolleville;Rolleville;activity;True;DuckDuckGo;La gare de Rolleville est une ancienne gare ferroviaire française de la ligne du Havre-Graville à Tourville-les-Ifs, située sur le territoire de la commune de Rolleville, dans le département de la Seine-Maritime, en région Normandie.
2992;Festival asiatique;Gournay-en-Bray;event;False;;
3010;Gare de Fécamp;Fécamp;activity;True;DuckDuckGo;Idées de circuits de randonnée Gare de Fécamp gratuites avec carte IGN au 1:25000, descriptif précis et photos. Sortie du club BVA. départ du parking de la Mature. beaucoup de plaine et un peu de route sur le GR, mais circuit assez exigeant à cause des nombreuses montées et belles descentes. Fécamp : découvrez les meilleures randonnées : 39 pédestres et 15 à vélo ou VTT. Tous ces circuits, parcours, itinéraires et activités en plein air sont disponibles dans nos applications SityTrail pour smartphones et tablettes. Quelles sont les randonnées proposées par l'Agglomération de Fécamp ? L’Agglomération a inscrit 19 randonnées au Plan Départemental des Espaces, Sites et Itinéraires (PDESI). Venez découvrir les randonnées à Fécamp et ses alentours, 19 circuits balisés et le GR® 21, élu GR préféré des Français en 2020 ! Quelle est la durée pour faire le circuit Fécamp-Etretat à pied? Ainsi, vous pouvez relier à pied par exemple Fécamp-Etretat (18,7 km – 6h aller) ou Fécamp-Les petites Dalles (18,6 km – 6h aller), ou choisir des portions plus courtes. Consultez la plaquette « Circuits GR® 21 ». Quel programme de Randonnées propose l'agglomération Fécamp Caux Littoral ? L’Agglomération Fécamp Caux Littoral propose chaque année, de mai à octobre, un programme de randonnées thématiques, guidées et gratuites sur inscription. Des randonnées guidées pour partager ! Dans le cadre du développement touristique et de l’animation du territoire, Combien de temps faut-il pour relier à pied à Fécamp ? Ainsi, vous pouvez relier à pied à Fécamp depuis différents points, comme Fécamp-Etretat (18,7 km – 6h aller) ou Fécamp-Les petites Dalles (18,6 km – 6h aller). Vous pouvez également choisir des portions plus courtes. Consultez la plaquette « Circuits GR® 21 ». Dans le cadre du développement touristique et de l’animation du territoire, l’Agglomération Fécamp Caux Littoral propose chaque année, d’avril / mai à octobre/novembre, un programme de randonnées thématiques, guidées et gratuites sur inscription.
3021;Tournoi de Pétanque;La Feuillie;event;True;DuckDuckGo;Tournoi de Pétanque. La Feuillie 76220.La Feuillie Classic est un festival de musique de chambre qui propose les plus grands chefs d’œuvre de la musique classique instrumentale. Du 03 Juillet 2026 au 05 Juillet 2026. Fête Saint-Eustache.
3030;"Le Camp ""Lucky Strike""";Saint-Valery-en-Caux;activity;False;;
3068;Le Cocon d'Eywa;Beauvoir-en-Lyons;accommodation;True;DuckDuckGo;Bienvenue au Cocon d’Eywa, un dôme géodésique niché face à la forêt de Lyons, à Beauvoir-en-Lyons. Pensé comme un lieu de ressourcement, le dôme invite à ralentir, respirer et se reconnecter à l’essentiel.
3260;Le Rail;Bosc-Bérenger;activity;True;DuckDuckGo;Le Rail. Bosc-Bérenger - Parking de la mairie 35 km - 3h00 environ - Difficulté : Cet itinéraire au départ de Bosc-Bérenger est idéal pour découvrir les richesses et trésors des communes de Saint-Martin-Osmonville, Montérolier, Rocquemont et Critot.
3265;Maison de Santé pluridisciplinaire EC2S;Elbeuf;shop;True;DuckDuckGo;Maison de santé pluridisciplinaire du Colombier – Aqua Santé. Ajouter cette page au carnet de voyage ?SAINT-AUBIN-LES-ELBEUF. Zone sous-dense : Zone Géographique. Accueil stagiaires : 1.
3281;Blockhaus de Sainte-Marguerite-sur-Mer;Sainte-Marguerite-sur-Mer;culture;False;;
3287;Gare de Maromme;Notre-Dame-de-Bondeville;activity;True;DuckDuckGo;Les itinéraires de jogging de Maromme offrent un accès à des paysages naturels, principalement la Forêt domaniale de Roumare. Cette région, située près de Rouen en Normandie, présente des sentiers variés de différentes longueurs et dénivelés.
3338;Open d'Echecs;Gournay-en-Bray;event;False;;
3339;Vide grenier;Gaillefontaine;event;False;;
3346;Loto;La Feuillie;event;False;;
3372;Randonnée à Serqueux;Serqueux;event;True;DuckDuckGo;La Gare de Serqueux est un nœud ferroviaire à l'intersection des lignes Amiens—Rouen et Paris-Saint-Lazare—Dieppe. À la suite de la fermeture en 1988 de la ligne ferroviaire Serqueux-Dieppe, le parcours est emprunté par l'avenue verte, itinéraire cyclable qui relie Paris à Londres.
3441;Forum des Associations;Ferrières-en-Bray;event;False;;
3463;Résidence du bord de mer n°12;Le Tréport;accommodation;True;DuckDuckGo;Vérifier la disponibilité. residence du bord de mer 9 appartements avec une vraie vue mer.Haute-Normandie. Seine-Maritime. Le Tréport. Les prix sont fournis par nos partenaires pour une seule chambre avec des conditions d'occupation variables fournies par l'hôtel.
3488;Tournoi de Football;Gournay-en-Bray;event;True;DuckDuckGo;Tournoi de Football. Gournay-en-bray 76220 (0 km).À l'occasion de la fête mondiale du jeu participez au tournoi ODIN, As d'or du jeu de l'année en 2025. Le 07 Mai 2026.
3495;Maison de Santé pluridisciplinaire St Valéry en Caux;Saint-Germain-sur-Eaulne;shop;True;DuckDuckGo;Location of Saint-Valery-en-Caux.'Saint-Valery in Caux') is a commune in the Seine-Maritime department in the Normandy region in northern France. The addition of an acute accent on the 'e' (Valéry) is incorrect.
3506;Maison de Santé pluridisciplinaire Varengeville;Villers-Écalles;shop;False;;
3507;Gare de Clères;Clères;activity;True;DuckDuckGo;La gare de Clères est une gare ferroviaire française de la ligne de Malaunay - Le Houlme à Dieppe, située sur le territoire de la commune de Clères, dans le département de la Seine-Maritime, en Normandie. Elle permet notamment la desserte du Parc zoologique de Clères.
3536;Boulangerie Marc et Karine Levasseur;Saint-Laurent-en-Caux;shop;True;DuckDuckGo;Levasseur Marc Et Karine. 52 Place Jacques Loutrel 76560 Saint-laurent-en-caux. M. Breuque Jimmy Didier. 10 Route de Bacqueville 76730 Brachy.
3545;Randonnée à Serqueux;Serqueux;event;True;DuckDuckGo;La Gare de Serqueux est un nœud ferroviaire à l'intersection des lignes Amiens—Rouen et Paris-Saint-Lazare—Dieppe. À la suite de la fermeture en 1988 de la ligne ferroviaire Serqueux-Dieppe, le parcours est emprunté par l'avenue verte, itinéraire cyclable qui relie Paris à Londres.
3555;La Chappelle Saint-Maurice;Gaillefontaine;activity;True;DuckDuckGo;Le circuit de la Chapelle Saint-Maurice est proposé par la CC des Quatre Rivières, il est balisé de vert. Ce circuit est référencé par seine-maritime-tourisme.com comme un circuit de VTT alors qu’il est tout à fait impossible de suivre le chemin de l’Impasse du Bois Hulin en VTT.
3703;Édruchon;Vieux-Rouen-sur-Bresle;activity;False;;
3711;Sur la Rive du Dun à VTT;Le Bourg-Dun;activity;True;DuckDuckGo;Sur la Rive du Dun à VTT. Boucle VTT et promenade en vélo sur la commune de Le Bourg Dun dans le département de la Seine Maritime.
3718;Maison de Santé pluridisciplinaire de Freneuse;Freneuse;shop;True;DuckDuckGo;Localisation de Freneuse dans les Yvelines. Freneuse est située à 8 km au nord-ouest de Mantes-la-Jolie, à 47 km de Versailles et à 58 km de Paris[1].
3728;Ferme de La Rivière Bourdet;Quevillon;accommodation;True;DuckDuckGo;- Gîtes et meublés - Gîtes de la Rivière Bourdet – Fermé temporairemet.Situés près de Rouen en Seine et Maritime, les 2 gîtes de la Rivière Bourdet sont aménagés dans une longère de 240 m². Séparés par un garage, ils sont indépendants.
3792;Fête Saint-Eustache;La Feuillie;event;False;;
3813;Mauquenchy-Roncherolles en Bray;Mauquenchy;activity;True;DuckDuckGo;Les meilleures randonnées VTT autour de Roncherolles-en-Bray. Découvrez les 5 plus belles routes et pistes VTT, avec des conseils d'autres vététistes.
3923;Foire à tout;Serqueux;event;True;DuckDuckGo;Foire à tout Seine-Maritime (76). Trier par distance. Les Normands vous le confirmeront, une foire à tout en Seine-Maritime, c'est le rendez-vous à ne pas manquer !
3939;Restaurant Art Sport Café;Le Havre;food;True;DuckDuckGo;Art Sport Café. Enregistrer. Avis. Voir toutes les activités. Art Sport Café.Nous sommes allés déjeuner à l'Art'Sport Café à la faveur d'un coffret Wonderbox. Accueil sympathique.La prestation prévue avec le chèque cadeau a été respectée.
3952;Marché de Bosc-le-Hard;Bosc-le-Hard;event;True;DuckDuckGo;Bosc-le-Hard et les Enfants Maupassant organisent le Marché de Noël ce dimanche 16 novembre. Venez faire votre photo avec le Père Noël et profiter des activités sur place.
4002;Maison de santé de la Bretèque - Bois Guillaume;Bois-Guillaume;shop;True;DuckDuckGo;Maison de la Santé 421 Chemin de la Bretèque, 76230 Bois-Guillaume. Informations pratiques. Rez-de-chaussée. Entrée accessible. Parking gratuit. Présentation de l'établissement.
4005;Gare du Havre;Le Havre;activity;False;;
4010;Maison de Santé pluridisciplinaire Les Hauts de Rouen;Rouen;shop;True;DuckDuckGo;Situé au Nord de Rouen, les Hauts de Rouen sont à proximité de la rocade Nord, avec un accès direct aux autoroutes A16, A28 et A13. Le quartier bénéficie d’un accès aux transports en commun à haut niveau de service ligne T2 et à la gare de Rouen.
4045;Gare de Eu;Eu;activity;True;DuckDuckGo;Gare de bifurcation, elle est également située au PK 209,833[2] de la ligne d'Abbeville à Eu (dont le trafic est suspendu), après la gare de Woincourt, et au PK 41,396[2] de la ligne de Rouxmesnil à Eu (partiellement déclassée , la gare précédente était celle de Saint-Rémy-Boscrocourt).
4135;BEAUJEAN Dominique et Chantal;Le Tréport;accommodation;False;;
4172;Domaine de la Renardière - Le Pavillon;Arelaune-en-Seine;accommodation;True;DuckDuckGo;Domaine de la Renardière. Location name. Listing type. Chambres d'hôtes Gîtes et Locations de vacances Hôtels.Appartement de luxe pour une famille avec des animaux de compagnie chambre d'hôte Domaine de la Renardière.
4230;Maison de Santé pluridisciplinaire LE HAVRE - LS PEPINIERES;Le Havre;shop;True;DuckDuckGo;La Maison de santé pluridisciplinaire Flaubert – TANDEM MEDICAL est composée de 7 professionnels, au Havre 'la Métropole Maritime Normande'.
4283;Gare de Sommery;Sommery;activity;True;DuckDuckGo;La gare de Sommery est une gare ferroviaire française de la ligne de Saint-Roch à Darnétal-Bifurcation, située sur le territoire de la commune de Sommery dans le département de la Seine-Maritime, en région Normandie.
4284;Maison de Santé pluridisciplinaire de Goderville;Goderville;shop;True;DuckDuckGo;Logement à Goderville1 Goderville compte 1338 habitations sur son territoire en 2014. Ce chiffre ce décompose de la manière suivante: 1235 résidences principales (soit 92%) et 17 résidences secondaires (soit 1%), les logements restants étant considérés comme vacants.
4311;Gare de Foucart-Alvimare;Foucart;activity;False;;
4325;Randonnée;Serqueux;event;True;DuckDuckGo;Idées de circuits de randonnée Serqueux (Seine-Maritime) gratuites avec carte IGN au 1:25000, descriptif précis et photos.
4384;Le Beau Chêne;Normanville;activity;False;;
4394;Gare de Montivilliers;Montivilliers;activity;True;DuckDuckGo;La gare de Montivilliers est une ancienne gare ferroviaire française de la ligne du Havre-Graville à Tourville-les-Ifs, située sur le territoire de la commune de Montivilliers, dans le département de la Seine-Maritime, en région Normandie.
4422;Le Black Café;Le Havre;food;False;;
4474;Loto;Serqueux;event;True;DuckDuckGo;Loto / bingo, le 4 octobre 2026, à Serqueux (Seine-Maritime) - horaires, tarifs, renseignements.
4520;M. DEFRANCE Freddy;Le Tréport;accommodation;False;;
4567;Pierre-Auguste Renoir;Petit-Caux;activity;True;DuckDuckGo;PETIT-CAUX - CIRCUIT PIERRE-AUGUSTE RENOIR Mémoriser ce circuit. Départ randonnée : Eglise de Saint-Valéry de Graincourt (14 et 15éme S.) Balade sur sentiers et petites routes, entre manoir et château.
4570;Parc et canal Camille Claudel;Rouen;nature;True;DuckDuckGo;Le parc-canal Camille-Claudel s'anime tout l'été. Venez en profiter tous les dimanches sur le plan d'eau et à ses abords.A deux pas de Rouen-sur-mer, le nouveau canal Camille-Claudel prend vie cet été avec de nombreuses animations. Voile, paddle, kayak, jeux gonflables, escalade…
4576;Le Clos Monet;Étretat;accommodation;False;;
4577;Tournoi de Football;Gournay-en-Bray;event;True;DuckDuckGo;Tournoi de Football. Gournay-en-bray 76220 (0 km).À l'occasion de la fête mondiale du jeu participez au tournoi ODIN, As d'or du jeu de l'année en 2025. Le 07 Mai 2026.
4578;La Roselière;Saint-Aubin-Routot;accommodation;True;DuckDuckGo;La Roselière. Ref : 76G2357 | à ST AUBIN ROUTOT - Seine-Maritime.Yours faithfully The Gîtes de France Seine Maritime® agency. Merci pour la gentillesse de votre avis. L'excellent retour sur la qualité de votre séjour nous conforte dans notre logique d'accueil. Cordialement.
4650;Gare de Oissel;Oissel;activity;False;;
4689;Maison de Santé pluridisciplinaire Ouest Santé;Le Havre;shop;True;DuckDuckGo;La Maison de santé pluridisciplinaire Flaubert – TANDEM MEDICAL est composée de 7 professionnels, au Havre 'la Métropole Maritime Normande'.
4720;La Villa aux Oliviers;Eu;accommodation;True;DuckDuckGo;La Villa Aux Oliviers - Compare Rates. The Best deals for 2026. Independent Guide - Chic, Trendy Hotels - Top 10 Luxury Hotels - Book Online 24/7 Amenities: Great Location, Superior Rooms, Restaurant, WiFi, Amazing Views, Pool
4725;MEDICOBUS Caux-Bray-Albâtre;Ménerval;shop;False;;
4744;Les gîtes des marronniers n°3;Saint-Martin-le-Gaillard;accommodation;False;;
4757;Il Roméo;Le Havre;food;True;DuckDuckGo;Le Havre. Etretat. Destination Seine. La côte d'Albâtre.L’équipe d’Il Roméo vous accueille tous les jours sur sa terrasse ensoleillée face à la mer. Un choix varié de plats traditionnels, les poissons du jour, un choix multiple de pizzas maison et bien sûr l’incontournable moules/frites.
4761;Fête Patronale de Cuy-Saint-Fiacre;Cuy-Saint-Fiacre;event;True;DuckDuckGo;Cuy-Saint-Fiacre. 38 langues.À Cuy-Saint-Fiacre, Nadine Lamulle ne sera pas tête de liste en mars prochain : Pour Nadine Lamulle, maire de Cuy-Saint-Fiacre depuis 2008, une page va se tourner.
4808;Marché Nocturne;Ferrières-en-Bray;event;True;DuckDuckGo;Les marchés nocturnes en août. 1er août – Montivilliers : marché nocturne autour des Hallettes, de 17h à 22h.22 août – Bolbec : marché nocturne en centre-ville, de 16h à 22h. 23 août – Dieppe : marché nocturne sur le quai Henry-IV de 17h à minuit.
4818;Gare du Havre;Le Havre;activity;False;;
4834;Maison de Santé pluridisciplinaire Maromme-La Maine;Maromme;shop;True;DuckDuckGo;Matmut Assurances Maromme. Santé. 118 Rue Des Martyrs De La Resistance - 76150 Maromme. Voir les horaires.Pharmacie De La Maine - Maromme. Santé.
4853;Cabinet médical du Tréport;Le Tréport;shop;False;;
4856;Exposition Jérémie Rebourgeard;Isneauville;culture;False;;
4865;Le Coupe Gorge;Ermenouville;activity;False;;
4905;Grand Bois;Petit-Caux;activity;False;;
4917;Soirée accord Mets et Vins;Eu;event;True;DuckDuckGo;Soirée accord Mets et Vins.Adresse. Allée de Guise Le Bragance , Eu. Information mise à jour le. 2026-04-13.
4926;Gare de Sotteville-lès-Rouen;Sotteville-lès-Rouen;activity;True;DuckDuckGo;Sotteville-lès-Rouen. Coordonnées géographiques.La gare de Sotteville est une gare ferroviaire française de la ligne de Paris-Saint-Lazare au Havre, située sur le territoire de la commune de Sotteville-lès-Rouen, dans le département de la Seine-Maritime en région Normandie.
4958;Marché de Noël;Serqueux;event;True;DuckDuckGo;Marché de Noël. Le samedi 12 décembre. 1058 Route de Neufchâtel 76440 SERQUEUX.
5002;PNA TEST VIT ZOE;Quiberville;nature;True;DuckDuckGo;Que vous soyez de passage ou résident, PNA TEST VIT ZOE fait partie des lieux incontournables de la catégorie patrimoine naturel à Quiberville. Ce lieu vous invite à découvrir un aspect authentique du patrimoine local.
5033;Foire à tout;La Feuillie;event;True;DuckDuckGo;Foire à tout à La Feuillie, Seine-Maritime 76. Venez nombreux le 26 avril 2026.Petite brocante, marché. France.
5057;Mme VAUDEMONT Anaïs;Le Tréport;accommodation;True;DuckDuckGo;Rental Normandy in LE TREPORT. Rentals and gîtes Mme VAUDEMONT Anaïs on Normandy Tourism official website.
5086;Gare de Saint-Aubin-lès-Elbeuf;Saint-Aubin-lès-Elbeuf;activity;True;DuckDuckGo;Saint-Aubin-lès-Elbeuf - Guide tourisme, vacances & week-end en Seine-Maritime. 8.6. 9. Ajouter aux favorisSupprimer des favoris. Ajouter au circuitSupprimer du circuit.
5122;Gare de Longueville-sur-Scie;Longueville-sur-Scie;activity;False;;
5168;Foire à tout;La Feuillie;event;True;DuckDuckGo;Foire à tout à La Feuillie, Seine-Maritime 76. Venez nombreux le 20 septembre 2026.Petite brocante, marché. France.
5207;Circuit de la Reine Blanche;Sigy-en-Bray;activity;True;DuckDuckGo;Pays de Bray. Circuit de la Reine Blanche.2h 30min. Moyen. DépartSigy-en-Bray. Profil de l’itinéraireBoucle. Distance28.5 km.
5215;VILLA LES PELICANS;Le Tréport;accommodation;True;DuckDuckGo;Villa les Pélicans c’est l’endroit parfait pour profiter d’un séjour ressourçant et authentique. Un vrai logement pépite au cœur de la région Normandie.
5237;Le Bois de la Brétèque à cheval;Écalles-Alix;activity;True;DuckDuckGo;Itinéraire Equestre. à ECALLES-ALIX. Le Bois de la Brétèque à cheval. Distance7,3 km.
5241;Appartement face à la mer;Criel-sur-Mer;accommodation;False;;
5248;Mme Martine DIDOUCHE;Le Tréport;accommodation;False;;
5271;Foire à tout;Gancourt-Saint-Étienne;event;True;DuckDuckGo;Foire à tout à Gancourt-Saint-Etienne, Seine-Maritime 76. Venez nombreux le 14 mai 2026 à l'adresse suivante : Place Castagné.
5310;Circuit de Hocquélus;Sauchay;activity;True;DuckDuckGo;Itinéraire Pédestre. à SAUCHAY. Circuit de Hocquélus. Distance3,0 km.
5315;Vide Grenier;Cuy-Saint-Fiacre;event;False;;
5329;Gite d'Eu la rivière à la mer;Eu;accommodation;False;;
5382;Plouard Gerald;Le Tréport;accommodation;True;DuckDuckGo;Meublés, locations, gîtes Plouard Gerald à retrouver sur le site Normandie Tourisme avec toutes les informations pratiques, modalités de réservation et contact.
5410;Silleron et Iclon;Angiens;activity;True;DuckDuckGo;chateau silleron. ANGIENS. Circuit N°14 - Silleron et Iclon. Une balade à travers l’histoire et le patrimoine cauchois Sur 11 km (dont 4,8 km sur chemin), ce circuit vous...
5442;Gare de Serqueux;Serqueux;activity;True;DuckDuckGo;La gare de Serqueux est une gare ferroviaire française des lignes de Saint-Denis à Dieppe et de Saint-Roch à Darnétal-Bifurcation, située sur le territoire de la commune de Serqueux, dans le département de la Seine-Maritime, en région Normandie.
5453;Le Rougemont;Beuzeville-la-Guérard;activity;False;;
5549;Circuit de la Motte Brune;La Feuillie;activity;True;DuckDuckGo;Découverte de la Feuillie à vélo. Circuit de la Motte Brune.DépartLa Feuillie. Profil de l’itinéraireBoucle. Distance33.5 km.
5809;Séance de sauna et banya;Saint-Aubin-sur-Mer;other;True;DuckDuckGo;Nous proposons une alternance de sauna et banya chauffés au bois avec la mer, dans le bien-être et le respect du corps et dans la joie! Vue exceptionnelle sur la plage de saint Aubin sur mer.
5811;Marché de Noël;Cuy-Saint-Fiacre;event;True;DuckDuckGo;Marchés de Noël, parades et déambulations féériques, circuit des villages illuminés, feux d’artifice… En Normandie, à l’époque des fêtes, il existe mille et une façons de célébrer le bonheur d’être ensemble.
5831;Gare de Morgny-la-Pommeraye;Morgny-la-Pommeraye;activity;False;;
5849;Sortie Pédestre et VTT;La Feuillie;event;True;DuckDuckGo;Sortie Pédestre et VTT. La Feuillie 76220.La Feuillie Classic est un festival de musique de chambre qui propose les plus grands chefs d’œuvre de la musique classique instrumentale. Du 03 Juillet 2026 au 05 Juillet 2026. Fête Saint-Eustache.
5855;L'escale;Le Tréport;accommodation;False;;
5889;La Chouette;Haudricourt;activity;True;DuckDuckGo;Les circuits de randonnée d’Aumale et ses alentours.Circuit n°23. La Chouette – Haudricourt. Distance : 11.2 km. Durée : 2h45.
5897;Gare de Saint-Aubin-sur-Scie;Saint-Aubin-sur-Scie;activity;True;DuckDuckGo;Au Hamelet (commune de Saint-Aubin-sur-Scie), petite montée, physique, du chemin des Jonquilles pour rejoindre le cimetière militaire Canadien de ...
5922;Saint-Sylvestre;Saint-Saire;event;True;DuckDuckGo;Saint-Sylvestre. Art de vivre. Fêtes de fin d'année. 71 Bis Chemin de Prebende, 76270 Saint-Saire.
5935;Maison de Santé pluridisciplinaire de Gainneville;Gainneville;shop;True;DuckDuckGo;La gare de Saint-Laurent - Gainneville, située à proximité de la commune, est desservi par des trains TER Normandie assurant les relations : Rouen – Yvetot – Le Havre.
6070;Laïs;Le Tréport;accommodation;False;;
6106;Gare d'Auffay;Val-de-Scie;activity;True;DuckDuckGo;Idées de circuits de randonnée Gare d'Auffay gratuites avec carte IGN au 1:25000, descriptif précis et photos.
6108;Gare de Blangy-sur-Bresle;Blangy-sur-Bresle;activity;True;DuckDuckGo;La gare de Blangy-sur-Bresle est une gare ferroviaire française de la ligne d'Épinay - Villetaneuse au Tréport - Mers, située sur le territoire de la commune de Blangy-sur-Bresle, dans le département de la Seine-Maritime, en région Normandie.
6165;Gare de Barentin;Barentin;activity;True;DuckDuckGo;Idées de circuits de randonnée Gare de Barentin gratuites avec carte IGN au 1:25000, descriptif précis et photos.
6194;Valleuse de Cauville;Cauville-sur-Mer;nature;True;DuckDuckGo;Cauville-sur-Mer La plage et les falaises.Cauville-sur-Mer est une commune périurbaine normande de l'agglomération du Havre en ruive droite de Seine et, comme son nom le suggère, littorale de la Manche.
6197;Villa Benoit;Criel-sur-Mer;accommodation;False;;
6262;Thé dansant;Serqueux;event;False;;
6395;Circuit du Val Boucheron;Douvrend;activity;True;DuckDuckGo;à DOUVREND. Circuit du Val Boucheron. Distance4,5 km.
6437;Gare du Tréport;Le Tréport;activity;True;DuckDuckGo;Le Tréport : découvrez les meilleures randonnées : 30 pédestres et 8 à vélo ou VTT. Tous ces circuits, parcours, itinéraires et activités en plein air sont disponibles dans nos applications SityTrail pour smartphones et tablettes.
6484;L'abri côtier;Criel-sur-Mer;accommodation;True;DuckDuckGo;- Gîtes et meublés - L’abri côtier. Capacité totale : 4. Adresse. 8 avenue du mont blanc 76910 CRIEL-SUR-MER. Comment m’y rendre ?
6518;Le Bois Balthazar à VTT;Angiens;activity;True;DuckDuckGo;Le bois Balthazar est un circuit de randonnée situé sur la commune de Angiens en Seine-Maritime (76). Ce parcours d’environ 8.9 kilomètres représente en moyenne 2h15 de marche. Ce circuit de 8,9 km (dont 4,9 km sur chemin) vous emmène sur le plateau, à la découverte du patrimoine...
6541;Entre Caux et Bray;Cropus;activity;True;DuckDuckGo;Entre Caux et Bray. Mairie de Cropus 15 km - 3h45 - Difficulté. Cette boucle assez sportive vous offre un parcours varié entre sentiers arborés et chemins de plaine. Aux portes du pays de Bray, vous longerez la Varenne tout en admirant le charme de sa vallée.
6589;Le Bois Balthazar;Angiens;activity;True;DuckDuckGo;Le bois Balthazar est un circuit de randonnée situé sur la commune de Angiens en Seine-Maritime (76). Ce parcours d’environ 8.9 kilomètres représente en moyenne 2h15 de marche. Ce circuit de 8,9 km (dont 4,9 km sur chemin) vous emmène sur le plateau...
6657;Gare de Saint-Martin-du-Vivier;Saint-Martin-du-Vivier;activity;True;DuckDuckGo;Saint-Martin-du-Vivier L'église.Saint-Martin-du-Vivier dispose d’une gare, dont la desserte a été supprimée à l'été 2019. La commune est desservie par le transport à la demande Filo'r[18], du réseau métropolitain Astuce.
